station,n_records,n_hourly_anomalies,pct_anomalies,most_common_interval_hours,interval_distribution
landshuter_allee,52518,2,0.0,1.0,"{1.0: 52516, 67.0: 1}"
stachus,52463,7,0.01,1.0,"{1.0: 52456, 20.0: 2, 21.0: 2, 22.0: 1, 23.0: 1}"
lothstrasse,51859,7,0.01,1.0,"{1.0: 51852, 23.0: 1, 24.0: 1, 54.0: 1, 104.0: 1, 108.0: 1, 418.0: 1}"
johanneskirchen,52584,1,0.0,1.0,{1.0: 52583}
augsburg_bourges,52506,2,0.0,1.0,"{1.0: 52504, 79.0: 1}"
augsburg_lfu,51447,8,0.02,1.0,"{1.0: 51439, 23.0: 1, 24.0: 1, 53.0: 2, 58.0: 1, 374.0: 1, 559.0: 1}"
andechs,52320,4,0.01,1.0,"{1.0: 52316, 62.0: 1, 78.0: 1, 127.0: 1}"
burghausen,52584,1,0.0,1.0,{1.0: 52583}
oberaudorf,51288,10,0.02,1.0,"{1.0: 51278, 52.0: 2, 93.0: 1, 134.0: 1, 156.0: 1, 159.0: 1, 163.0: 1, 203.0: 1, 293.0: 1}"
