,PM2.5,PM10,NO2,O3,Temperature,Humidity,Wind Speed,Wind U,Wind V,Pressure,Pressure Δ 24h
PM2.5,1.0,0.843,0.388,-0.259,-0.085,0.04,-0.328,-0.303,-0.192,0.197,-0.082
PM10,0.843,1.0,0.52,-0.211,0.016,-0.062,-0.291,-0.248,-0.166,0.183,-0.093
NO2,0.388,0.52,1.0,-0.54,-0.119,0.035,-0.223,-0.06,0.018,0.068,-0.035
O3,-0.259,-0.211,-0.54,1.0,0.574,-0.657,0.409,0.113,-0.218,-0.109,-0.012
Temperature,-0.085,0.016,-0.119,0.574,1.0,-0.53,0.009,-0.072,-0.134,-0.051,-0.113
Humidity,0.04,-0.062,0.035,-0.657,-0.53,1.0,-0.23,0.085,0.168,-0.005,0.117
Wind Speed,-0.328,-0.291,-0.223,0.409,0.009,-0.23,1.0,0.568,0.095,-0.225,-0.023
Wind U,-0.303,-0.248,-0.06,0.113,-0.072,0.085,0.568,1.0,0.247,-0.167,0.087
Wind V,-0.192,-0.166,0.018,-0.218,-0.134,0.168,0.095,0.247,1.0,-0.205,-0.126
Pressure,0.197,0.183,0.068,-0.109,-0.051,-0.005,-0.225,-0.167,-0.205,1.0,0.338
Pressure Δ 24h,-0.082,-0.093,-0.035,-0.012,-0.113,0.117,-0.023,0.087,-0.126,0.338,1.0
