station_code,display_name,pollutant,n_expected,n_present,n_missing,pct_missing
DEBY007,Augsburg/Bourges-Platz,NO2,52608,52432,176,0.335
DEBY007,Augsburg/Bourges-Platz,O3,52608,52457,151,0.287
DEBY007,Augsburg/Bourges-Platz,PM10,52608,51911,697,1.325
DEBY007,Augsburg/Bourges-Platz,PM2.5,52608,52464,144,0.274
DEBY012,Burghausen/Marktler Straße,NO2,52608,52480,128,0.243
DEBY012,Burghausen/Marktler Straße,O3,52608,52475,133,0.253
DEBY012,Burghausen/Marktler Straße,PM10,52608,51942,666,1.266
DEBY012,Burghausen/Marktler Straße,PM2.5,52608,52464,144,0.274
DEBY037,München/Stachus,NO2,52608,52433,175,0.333
DEBY037,München/Stachus,O3,52608,52298,310,0.589
DEBY037,München/Stachus,PM10,52608,52419,189,0.359
DEBY037,München/Stachus,PM2.5,52608,52416,192,0.365
DEBY039,München/Lothstraße,NO2,52608,52475,133,0.253
DEBY039,München/Lothstraße,O3,52608,52174,434,0.825
DEBY039,München/Lothstraße,PM10,52608,52158,450,0.855
DEBY039,München/Lothstraße,PM2.5,52608,51894,714,1.357
DEBY089,München/Johanneskirchen,NO2,52608,52183,425,0.808
DEBY089,München/Johanneskirchen,O3,52608,52421,187,0.355
DEBY089,München/Johanneskirchen,PM10,52608,51351,1257,2.389
DEBY089,München/Johanneskirchen,PM2.5,52608,52475,133,0.253
DEBY099,Augsburg/LfU,NO2,52608,52335,273,0.519
DEBY099,Augsburg/LfU,O3,52608,52349,259,0.492
DEBY099,Augsburg/LfU,PM10,52608,52258,350,0.665
DEBY099,Augsburg/LfU,PM2.5,52608,51469,1139,2.165
DEBY109,Andechs/Rothenfeld,NO2,52608,52134,474,0.901
DEBY109,Andechs/Rothenfeld,O3,52608,52078,530,1.007
DEBY109,Andechs/Rothenfeld,PM10,52608,50647,1961,3.728
DEBY109,Andechs/Rothenfeld,PM2.5,52608,52176,432,0.821
DEBY115,München/Landshuter Allee,NO2,52608,52465,143,0.272
DEBY115,München/Landshuter Allee,O3,52608,0,52608,100.0
DEBY115,München/Landshuter Allee,PM10,52608,52135,473,0.899
DEBY115,München/Landshuter Allee,PM2.5,52608,52446,162,0.308
DEBY121,Oberaudorf/Inntal-Autobahn,NO2,52608,52185,423,0.804
DEBY121,Oberaudorf/Inntal-Autobahn,O3,52608,0,52608,100.0
DEBY121,Oberaudorf/Inntal-Autobahn,PM10,52608,51838,770,1.464
DEBY121,Oberaudorf/Inntal-Autobahn,PM2.5,52608,51313,1295,2.462
DEBY189,München/Allach,NO2,52608,52476,132,0.251
DEBY189,München/Allach,O3,52608,52329,279,0.53
DEBY189,München/Allach,PM10,52608,0,52608,100.0
DEBY189,München/Allach,PM2.5,52608,0,52608,100.0
