station,timestamp,pm25_value,is_nye,verdict,reason,max_other_stations,n_stations_high,copollutants
DEBY089,2023-01-01 01:00:00,539.0,True,CONFIRMED_REAL_EVENT,7 stations spiked >200,528.0,7,"{'PM10': {'mean': np.float64(480.0), 'max': np.float64(597.0)}, 'NO2': {'mean': np.float64(37.3), 'max': np.float64(42.0)}, 'O3': {'mean': np.float64(10.0), 'max': np.float64(16.0)}}"
DEBY012,2023-01-01 01:00:00,528.0,True,CONFIRMED_REAL_EVENT,7 stations spiked >200,539.0,7,"{'PM10': {'mean': np.float64(500.7), 'max': np.float64(590.0)}, 'NO2': {'mean': np.float64(23.7), 'max': np.float64(27.0)}, 'O3': {'mean': np.float64(0.5), 'max': np.float64(0.5)}}"
DEBY037,2023-01-01 00:00:00,514.0,True,CONFIRMED_REAL_EVENT,7 stations spiked >200,539.0,7,"{'PM10': {'mean': np.float64(399.7), 'max': np.float64(779.0)}, 'NO2': {'mean': np.float64(43.0), 'max': np.float64(47.0)}, 'O3': {'mean': np.float64(7.3), 'max': np.float64(11.0)}}"
DEBY012,2023-01-01 00:00:00,500.0,True,CONFIRMED_REAL_EVENT,7 stations spiked >200,539.0,7,"{'PM10': {'mean': np.float64(399.7), 'max': np.float64(590.0)}, 'NO2': {'mean': np.float64(26.0), 'max': np.float64(27.0)}, 'O3': {'mean': np.float64(0.7), 'max': np.float64(1.0)}}"
DEBY115,2023-01-01 00:00:00,478.0,True,CONFIRMED_REAL_EVENT,7 stations spiked >200,539.0,7,"{'PM10': {'mean': np.float64(315.7), 'max': np.float64(627.0)}, 'NO2': {'mean': np.float64(45.7), 'max': np.float64(52.0)}}"
DEBY089,2023-01-01 00:00:00,470.0,True,CONFIRMED_REAL_EVENT,7 stations spiked >200,528.0,7,"{'PM10': {'mean': np.float64(401.7), 'max': np.float64(597.0)}, 'NO2': {'mean': np.float64(35.0), 'max': np.float64(42.0)}, 'O3': {'mean': np.float64(12.0), 'max': np.float64(22.0)}}"
DEBY039,2023-01-01 00:00:00,466.0,True,CONFIRMED_REAL_EVENT,7 stations spiked >200,539.0,7,"{'PM10': {'mean': np.float64(235.0), 'max': np.float64(497.0)}, 'NO2': {'mean': np.float64(33.3), 'max': np.float64(45.0)}, 'O3': {'mean': np.float64(16.0), 'max': np.float64(25.0)}}"
DEBY089,2024-01-01 00:00:00,458.0,True,CONFIRMED_REAL_EVENT,4 stations spiked >200,403.0,4,"{'PM10': {'mean': np.float64(294.7), 'max': np.float64(608.0)}, 'NO2': {'mean': np.float64(27.0), 'max': np.float64(46.0)}, 'O3': {'mean': np.float64(39.3), 'max': np.float64(57.0)}}"
DEBY115,2024-01-01 00:00:00,403.0,True,CONFIRMED_REAL_EVENT,4 stations spiked >200,458.0,4,"{'PM10': {'mean': np.float64(237.0), 'max': np.float64(580.0)}, 'NO2': {'mean': np.float64(42.0), 'max': np.float64(54.0)}}"
DEBY099,2024-12-31 19:00:00,324.0,True,LIKELY_REAL,3 stations spiked >200,269.0,3,"{'PM10': {'mean': np.float64(320.7), 'max': np.float64(612.0)}, 'NO2': {'mean': np.float64(24.0), 'max': np.float64(27.0)}, 'O3': {'mean': np.float64(0.5), 'max': np.float64(0.5)}}"
DEBY012,2023-01-01 02:00:00,322.0,True,CONFIRMED_REAL_EVENT,7 stations spiked >200,539.0,7,"{'PM10': {'mean': np.float64(396.3), 'max': np.float64(590.0)}, 'NO2': {'mean': np.float64(21.0), 'max': np.float64(24.0)}, 'O3': {'mean': np.float64(0.5), 'max': np.float64(0.5)}}"
DEBY037,2024-01-01 00:00:00,315.0,True,CONFIRMED_REAL_EVENT,4 stations spiked >200,458.0,4,"{'PM10': {'mean': np.float64(173.3), 'max': np.float64(399.0)}, 'NO2': {'mean': np.float64(26.3), 'max': np.float64(45.0)}, 'O3': {'mean': np.float64(40.3), 'max': np.float64(56.0)}}"
DEBY099,2023-01-01 00:00:00,311.0,True,CONFIRMED_REAL_EVENT,7 stations spiked >200,539.0,7,"{'PM10': {'mean': np.float64(214.7), 'max': np.float64(461.0)}, 'NO2': {'mean': np.float64(25.3), 'max': np.float64(32.0)}, 'O3': {'mean': np.float64(13.7), 'max': np.float64(23.0)}}"
DEBY007,2023-01-01 01:00:00,274.0,True,CONFIRMED_REAL_EVENT,7 stations spiked >200,539.0,7,"{'PM10': {'mean': np.float64(286.0), 'max': np.float64(316.0)}, 'NO2': {'mean': np.float64(37.3), 'max': np.float64(39.0)}, 'O3': {'mean': np.float64(4.0), 'max': np.float64(4.0)}}"
DEBY007,2024-12-31 19:00:00,269.0,True,LIKELY_REAL,3 stations spiked >200,324.0,3,"{'PM10': {'mean': np.float64(224.7), 'max': np.float64(335.0)}, 'NO2': {'mean': np.float64(43.3), 'max': np.float64(45.0)}, 'O3': {'mean': np.float64(3.3), 'max': np.float64(4.0)}}"
DEBY007,2023-12-31 19:00:00,268.0,True,LIKELY_SENSOR_ERROR,"isolated spike, others unremarkable",42.0,1,"{'PM10': {'mean': np.float64(99.7), 'max': np.float64(246.0)}, 'NO2': {'mean': np.float64(7.7), 'max': np.float64(11.0)}, 'O3': {'mean': np.float64(74.7), 'max': np.float64(77.0)}}"
DEBY007,2023-01-01 00:00:00,256.0,True,CONFIRMED_REAL_EVENT,7 stations spiked >200,539.0,7,"{'PM10': {'mean': np.float64(233.7), 'max': np.float64(316.0)}, 'NO2': {'mean': np.float64(39.0), 'max': np.float64(41.0)}, 'O3': {'mean': np.float64(3.7), 'max': np.float64(4.0)}}"
DEBY039,2024-01-01 00:00:00,254.0,True,CONFIRMED_REAL_EVENT,4 stations spiked >200,458.0,4,"{'PM10': {'mean': np.float64(138.7), 'max': np.float64(314.0)}, 'NO2': {'mean': np.float64(22.0), 'max': np.float64(37.0)}, 'O3': {'mean': np.float64(48.3), 'max': np.float64(58.0)}}"
DEBY089,2023-01-01 02:00:00,245.0,True,CONFIRMED_REAL_EVENT,7 stations spiked >200,528.0,7,"{'PM10': {'mean': np.float64(325.3), 'max': np.float64(597.0)}, 'NO2': {'mean': np.float64(31.7), 'max': np.float64(42.0)}, 'O3': {'mean': np.float64(16.0), 'max': np.float64(27.0)}}"
DEBY037,2023-01-01 01:00:00,239.0,True,CONFIRMED_REAL_EVENT,7 stations spiked >200,539.0,7,"{'PM10': {'mean': np.float64(403.0), 'max': np.float64(779.0)}, 'NO2': {'mean': np.float64(45.7), 'max': np.float64(47.0)}, 'O3': {'mean': np.float64(7.3), 'max': np.float64(11.0)}}"
DEBY115,2024-12-31 21:00:00,231.0,True,LIKELY_REAL,3 stations spiked >200,324.0,3,"{'PM10': {'mean': np.float64(242.3), 'max': np.float64(291.0)}, 'NO2': {'mean': np.float64(59.3), 'max': np.float64(63.0)}}"
DEBY012,2023-01-01 03:00:00,218.0,True,CONFIRMED_REAL_EVENT,7 stations spiked >200,539.0,7,"{'PM10': {'mean': np.float64(240.7), 'max': np.float64(352.0)}, 'NO2': {'mean': np.float64(19.0), 'max': np.float64(20.0)}, 'O3': {'mean': np.float64(0.5), 'max': np.float64(0.5)}}"
DEBY115,2024-12-31 22:00:00,215.0,True,LIKELY_REAL,3 stations spiked >200,324.0,3,"{'PM10': {'mean': np.float64(236.0), 'max': np.float64(291.0)}, 'NO2': {'mean': np.float64(59.7), 'max': np.float64(63.0)}}"
DEBY099,2024-12-31 23:00:00,214.0,True,LIKELY_REAL,2 stations spiked >200,231.0,2,"{'PM10': {'mean': np.float64(267.5), 'max': np.float64(344.0)}, 'NO2': {'mean': np.float64(23.0), 'max': np.float64(25.0)}, 'O3': {'mean': np.float64(0.5), 'max': np.float64(0.5)}}"
DEBY099,2024-12-31 20:00:00,207.0,True,LIKELY_REAL,3 stations spiked >200,269.0,3,"{'PM10': {'mean': np.float64(357.3), 'max': np.float64(612.0)}, 'NO2': {'mean': np.float64(22.3), 'max': np.float64(24.0)}, 'O3': {'mean': np.float64(0.5), 'max': np.float64(0.5)}}"
