station,model,R2,MAE,RMSE,Bias,n_test,passes_gate
landshuter_allee,lightgbm,0.963,1.03,1.543,0.225,1608,True
landshuter_allee,xgboost,0.9649,1.014,1.502,0.197,1608,True
landshuter_allee,catboost,0.9636,1.03,1.529,0.211,1608,True
landshuter_allee,dlinear,0.9554,1.161,1.694,0.116,1608,True
landshuter_allee,patchtst,0.9455,1.291,1.872,0.163,1608,True
landshuter_allee,persistence,0.915,1.42,2.338,0.004,1608,True
stachus,lightgbm,0.9388,1.146,1.715,-0.25,1608,True
stachus,xgboost,0.939,1.141,1.713,-0.261,1608,True
stachus,catboost,0.9397,1.145,1.703,-0.255,1608,True
stachus,dlinear,0.9331,1.235,1.794,-0.316,1608,True
stachus,patchtst,0.9354,1.214,1.762,-0.112,1608,True
stachus,persistence,0.8906,1.448,2.294,0.006,1608,True
lothstrasse,lightgbm,0.9706,0.679,1.06,0.095,1608,True
lothstrasse,xgboost,0.9691,0.681,1.086,0.112,1608,True
lothstrasse,catboost,0.9704,0.68,1.064,0.114,1608,True
lothstrasse,dlinear,0.967,0.764,1.123,-0.024,1608,True
lothstrasse,patchtst,0.9669,0.756,1.124,-0.042,1608,True
lothstrasse,persistence,0.9528,0.75,1.343,0.004,1608,True
johanneskirchen,lightgbm,0.9516,1.067,1.712,-0.061,1608,True
johanneskirchen,xgboost,0.9529,1.058,1.689,-0.057,1608,True
johanneskirchen,catboost,0.9523,1.053,1.7,-0.076,1608,True
johanneskirchen,dlinear,0.9257,1.213,2.122,-0.151,1608,True
johanneskirchen,patchtst,0.9272,1.244,2.1,0.088,1608,True
johanneskirchen,persistence,0.8688,1.508,2.82,0.006,1608,True
augsburg_bourges,lightgbm,0.974,0.978,1.444,0.11,1608,True
augsburg_bourges,xgboost,0.9737,0.981,1.45,0.084,1608,True
augsburg_bourges,catboost,0.975,0.952,1.414,0.055,1608,True
augsburg_bourges,dlinear,0.9686,1.038,1.585,-0.044,1608,True
augsburg_bourges,patchtst,0.966,1.107,1.65,-0.16,1608,True
augsburg_bourges,persistence,0.9341,1.318,2.297,0.006,1608,True
augsburg_lfu,lightgbm,0.9546,1.127,1.787,-0.1,1608,True
augsburg_lfu,xgboost,0.9536,1.133,1.807,-0.129,1608,True
augsburg_lfu,catboost,0.9553,1.119,1.773,-0.078,1608,True
augsburg_lfu,dlinear,0.9474,1.243,1.925,-0.11,1608,True
augsburg_lfu,patchtst,0.9495,1.256,1.886,-0.285,1608,True
augsburg_lfu,persistence,0.9331,1.268,2.169,0.014,1608,True
andechs,lightgbm,0.9186,0.813,1.277,0.126,1608,True
andechs,xgboost,0.9212,0.808,1.257,0.117,1608,True
andechs,catboost,0.9218,0.797,1.252,0.092,1608,True
andechs,dlinear,0.9157,0.816,1.3,0.051,1608,True
andechs,patchtst,0.9137,0.858,1.315,-0.156,1608,True
andechs,persistence,0.8934,0.814,1.462,0.001,1608,True
