station,model,sanity_valid,sanity_R2,sanity_gap,mean_counterfactual,mean_actual,gap,gap_pct,method
landshuter_allee,catboost,True,0.9623,0.254,13.37,12.7,0.67,5.3,recursive_rollout
stachus,catboost,True,0.9385,-0.248,11.74,11.44,0.3,2.6,recursive_rollout
lothstrasse,catboost,True,0.9693,0.12,11.27,11.13,0.13,1.2,recursive_rollout
johanneskirchen,catboost,True,0.9525,-0.068,12.29,12.29,-0.0,-0.0,recursive_rollout
augsburg_bourges,catboost,True,0.9745,0.129,12.61,11.72,0.89,7.5,recursive_rollout
augsburg_lfu,catboost,True,0.9545,-0.057,11.5,10.51,0.99,9.4,recursive_rollout
andechs,catboost,True,0.9222,0.107,11.19,10.27,0.92,8.9,recursive_rollout
landshuter_allee,xgboost,True,0.9647,0.22,13.04,12.7,0.34,2.7,recursive_rollout
stachus,xgboost,True,0.9378,-0.238,11.28,11.44,-0.17,-1.5,recursive_rollout
lothstrasse,xgboost,True,0.9689,0.104,10.89,11.13,-0.24,-2.1,recursive_rollout
johanneskirchen,xgboost,True,0.951,-0.05,12.26,12.29,-0.04,-0.3,recursive_rollout
augsburg_bourges,xgboost,True,0.9738,0.105,12.2,11.72,0.48,4.1,recursive_rollout
augsburg_lfu,xgboost,True,0.9533,-0.106,10.52,10.51,0.01,0.1,recursive_rollout
andechs,xgboost,True,0.9221,0.126,10.44,10.27,0.17,1.6,recursive_rollout
landshuter_allee,lightgbm,True,0.9625,0.226,13.48,12.7,0.78,6.1,recursive_rollout
stachus,lightgbm,True,0.9374,-0.246,11.99,11.44,0.55,4.8,recursive_rollout
lothstrasse,lightgbm,True,0.9701,0.106,11.56,11.13,0.43,3.8,recursive_rollout
johanneskirchen,lightgbm,True,0.9521,-0.059,12.74,12.29,0.44,3.6,recursive_rollout
augsburg_bourges,lightgbm,True,0.9738,0.12,12.75,11.72,1.03,8.8,recursive_rollout
augsburg_lfu,lightgbm,True,0.9535,-0.101,11.78,10.51,1.27,12.1,recursive_rollout
andechs,lightgbm,True,0.9199,0.116,11.2,10.27,0.93,9.1,recursive_rollout
landshuter_allee,dlinear,True,0.9552,0.123,13.12,12.7,0.42,3.3,recursive_rollout
stachus,dlinear,True,0.9329,-0.317,11.6,11.44,0.16,1.4,recursive_rollout
lothstrasse,dlinear,True,0.9668,-0.019,11.31,11.13,0.18,1.6,recursive_rollout
johanneskirchen,dlinear,True,0.9254,-0.146,12.12,12.29,-0.18,-1.4,recursive_rollout
augsburg_bourges,dlinear,True,0.9689,-0.021,13.08,11.72,1.36,11.6,recursive_rollout
augsburg_lfu,dlinear,True,0.9475,-0.108,12.24,10.51,1.73,16.4,recursive_rollout
andechs,dlinear,True,0.9156,0.059,11.05,10.27,0.78,7.6,recursive_rollout
landshuter_allee,patchtst,True,0.9502,0.258,13.33,12.7,0.63,4.9,recursive_rollout
stachus,patchtst,True,0.9351,-0.264,11.93,11.44,0.48,4.2,recursive_rollout
lothstrasse,patchtst,True,0.9601,0.241,12.71,11.13,1.58,14.2,recursive_rollout
johanneskirchen,patchtst,True,0.9244,-0.054,13.89,12.29,1.6,13.0,recursive_rollout
augsburg_bourges,patchtst,True,0.9681,0.092,13.52,11.72,1.79,15.3,recursive_rollout
augsburg_lfu,patchtst,True,0.9492,-0.222,11.87,10.51,1.35,12.9,recursive_rollout
andechs,patchtst,True,0.9108,-0.269,9.35,10.27,-0.92,-9.0,recursive_rollout
