station,model,gap,gap_pct,baseline_bias,corrected_gap
andechs,catboost,0.92,8.9,-0.027385083016594924,0.947385083016595
andechs,dlinear,0.78,7.6,0.037057061458418694,0.7429429385415813
andechs,lightgbm,0.93,9.1,-0.007503463542833044,0.9375034635428331
andechs,patchtst,-0.92,-9.0,-1.250705685600488,0.33070568560048785
andechs,xgboost,0.17,1.6,-0.4237051692653937,0.5937051692653937
augsburg_bourges,catboost,0.89,7.5,1.5192380696933598,-0.6292380696933598
augsburg_bourges,dlinear,1.36,11.6,1.1860246430752404,0.17397535692475974
augsburg_bourges,lightgbm,1.03,8.8,1.6872493016011976,-0.6572493016011975
augsburg_bourges,patchtst,1.79,15.3,1.1953452096543327,0.5946547903456674
augsburg_bourges,xgboost,0.48,4.1,1.2162972726084618,-0.7362972726084618
augsburg_lfu,catboost,0.99,9.4,0.6144621922548265,0.37553780774517354
augsburg_lfu,dlinear,1.73,16.4,0.1708220476019077,1.5591779523980922
augsburg_lfu,lightgbm,1.27,12.1,0.4042978606528744,0.8657021393471256
augsburg_lfu,patchtst,1.35,12.9,0.09530254003792822,1.254697459962072
augsburg_lfu,xgboost,0.01,0.1,-0.7049527316777131,0.7149527316777131
johanneskirchen,catboost,-0.0,-0.0,0.7765356136266005,-0.7765356136266005
johanneskirchen,dlinear,-0.18,-1.4,0.22624847095276038,-0.4062484709527604
johanneskirchen,lightgbm,0.44,3.6,1.131970121678252,-0.6919701216782521
johanneskirchen,patchtst,1.6,13.0,0.4120166521180759,1.1879833478819242
johanneskirchen,xgboost,-0.04,-0.3,0.6808680649357614,-0.7208680649357614
landshuter_allee,catboost,0.67,5.3,0.9568199183788937,-0.28681991837889365
landshuter_allee,dlinear,0.42,3.3,0.9060584329570096,-0.4860584329570096
landshuter_allee,lightgbm,0.78,6.1,1.1741562895159432,-0.39415628951594317
landshuter_allee,patchtst,0.63,4.9,0.8997927257508942,-0.2697927257508942
landshuter_allee,xgboost,0.34,2.7,0.7535094861343334,-0.4135094861343334
lothstrasse,catboost,0.13,1.2,1.6462011709491042,-1.5162011709491043
lothstrasse,dlinear,0.18,1.6,1.2264557033928032,-1.0464557033928032
lothstrasse,lightgbm,0.43,3.8,1.851462432327102,-1.4214624323271021
lothstrasse,patchtst,1.58,14.2,1.731597829768152,-0.15159782976815195
lothstrasse,xgboost,-0.24,-2.1,1.2231093557172685,-1.4631093557172685
stachus,catboost,0.3,2.6,1.1950927252201207,-0.8950927252201206
stachus,dlinear,0.16,1.4,0.5519434299236935,-0.39194342992369346
stachus,lightgbm,0.55,4.8,1.3610597377653184,-0.8110597377653184
stachus,patchtst,0.48,4.2,0.8921942813406266,-0.41219428134062663
stachus,xgboost,-0.17,-1.5,0.7702100416217704,-0.9402100416217705
