day_index,MAE,MAE_std,MAE_median,cumulative_MAE
0,1.4794619521737127,1.1234656905166231,1.2725525636870891,1.4794619521737127
1,1.4496812657267268,1.1374237680988462,1.1664652352799947,1.4645716089502196
2,1.3715026329196993,1.2789787873250904,1.0086098566475674,1.4335486169400462
3,1.1113165356403134,0.9326675317540987,0.8833768113754026,1.3529905966151132
4,1.5469156297213609,1.8201690237967376,1.1509116709600429,1.3917756032363628
5,1.6878364661655492,1.6118072960975318,1.27795457645589,1.441119080391227
6,1.3542392165596415,1.1212832697166173,1.1264170021292363,1.428707671272429
7,2.145187588055778,2.350677625711371,1.5586495350449554,1.5182676608703478
8,2.860335376797723,4.135996286029761,1.3833601454822924,1.6673862959733894
9,3.627282410922139,4.902693894942454,1.5964632585385479,1.863375907468264
10,1.5876839032676646,1.416977708719457,1.2237358579171334,1.8383129979954826
11,1.6457721013803834,1.5528342042813141,1.277271343743366,1.8222679232775578
12,1.3905799741606808,1.3257174572293287,1.0888462880922802,1.7890611579608748
13,1.6023592760666827,1.3727278592650833,1.3202151773415216,1.7757253092541467
14,1.9904415116512006,1.9769895623997589,1.4423496362507948,1.7900397227472835
15,1.668405990196896,1.4147990906895647,1.3782949375792497,1.7824376144628846
16,2.8442427056425768,2.766575399447157,2.04714298248291,1.8448967374734544
17,4.356887569185522,4.032939474738802,3.1614197303756555,1.9844517836796804
18,3.414438402613108,3.7170805935051052,2.164658784866333,2.0597142373077553
19,2.614546318022892,2.5666240583045785,1.9158138036727905,2.0874558413435125
20,2.3194046835422486,2.162857819057033,1.7862613201141357,2.0983477254439853
21,2.055051304626407,1.7617600946277816,1.5850795231761776,2.096414934945609
22,2.40050685706935,1.9383579900991421,1.9606071749068206,2.1094097663966345
23,1.650017355587419,1.2802220183155202,1.3783857822418213,2.090582972526993
24,1.8787274497024307,1.620834069002416,1.552729845046997,2.0822425290246422
25,1.8012888452943174,1.5594506006695419,1.4086298427589528,2.071600743141739
26,1.8715863922671367,1.6820822302439538,1.4504739131316384,2.064379584298993
27,1.8638330777958447,1.8460513107752605,1.3214320085813718,2.0575182069872553
28,1.884190240086761,1.8964897529957174,1.336145605074702,2.051784246649267
29,2.163498508696628,2.3245263174185027,1.513218512399674,2.0553615852697433
30,2.5296624085230377,2.5182998880737903,1.7420506477355957,2.070078482623232
31,1.8603575004556696,1.675154898517618,1.5285789807774535,2.063766968669089
32,2.677475681619249,2.1874346446408817,2.1917611671085737,2.081504346945684
33,1.811717991182386,1.733477216582128,1.388329334667274,2.0739957067215
34,2.0810186845847363,2.2615274250764976,1.4288480740022664,2.074185876089287
35,1.7743234222415853,1.5336519547194525,1.4315858726889124,2.0662802211172058
36,2.333752186760779,2.6380929994485864,1.627961020945417,2.073150787022137
37,1.812396276789424,1.477714891880393,1.4927584224613994,2.0666205161324953
38,1.9767819141873768,1.6129756653742282,1.6247198851478482,2.064425589789945
39,2.581268368942438,2.3218946863056296,1.9081557712520891,2.0767518783939516
40,2.154527191120975,1.9920131990880974,1.5395458939075048,2.078563550710712
41,2.367904050997222,2.009263806003323,1.8355112075805664,2.0851164041503996
42,2.8361603537098317,3.2418594161030065,1.891486585319285,2.101003173834958
43,2.1544339113994964,1.9282009140655494,1.7467636406019325,2.1020965930025506
