station,model,window,pseudo_gap
andechs,catboost,autumn_2024,0.5529132919476836
andechs,catboost,spring_2024,0.1434738086043534
andechs,catboost,summer_2024,-0.7785423496018218
andechs,dlinear,autumn_2024,0.3333755586772366
andechs,dlinear,spring_2024,0.5799756792988955
andechs,dlinear,summer_2024,-0.8021800536008761
andechs,lightgbm,autumn_2024,0.27958452444029863
andechs,lightgbm,spring_2024,0.3674734579096165
andechs,lightgbm,summer_2024,-0.6695683729784143
andechs,patchtst,autumn_2024,-0.9465008914922224
andechs,patchtst,spring_2024,-0.7204885946259355
andechs,patchtst,summer_2024,-2.085127570683306
andechs,xgboost,autumn_2024,-0.4434093982094165
andechs,xgboost,spring_2024,0.2998902613342259
andechs,xgboost,summer_2024,-1.1275963709209904
augsburg_bourges,catboost,autumn_2024,1.31513117472606
augsburg_bourges,catboost,spring_2024,2.204173400336482
augsburg_bourges,catboost,summer_2024,1.0384096340175375
augsburg_bourges,dlinear,autumn_2024,1.1271360064298137
augsburg_bourges,dlinear,spring_2024,2.2537284196615746
augsburg_bourges,dlinear,summer_2024,0.17720950313433265
augsburg_bourges,lightgbm,autumn_2024,1.5193461206401577
augsburg_bourges,lightgbm,spring_2024,2.3803955001985195
augsburg_bourges,lightgbm,summer_2024,1.162006283964915
augsburg_bourges,patchtst,autumn_2024,1.3641316709193316
augsburg_bourges,patchtst,spring_2024,2.212457875049475
augsburg_bourges,patchtst,summer_2024,0.009446082994191357
augsburg_bourges,xgboost,autumn_2024,1.09341478914474
augsburg_bourges,xgboost,spring_2024,1.8638453384861349
augsburg_bourges,xgboost,summer_2024,0.6916316901945105
augsburg_lfu,catboost,autumn_2024,-0.29768342041902385
augsburg_lfu,catboost,spring_2024,1.0872970476122557
augsburg_lfu,catboost,summer_2024,1.0537729495712478
augsburg_lfu,dlinear,autumn_2024,-0.40515023608624606
augsburg_lfu,dlinear,spring_2024,0.6008972677884498
augsburg_lfu,dlinear,summer_2024,0.31671911110351947
augsburg_lfu,lightgbm,autumn_2024,-0.35326866856015327
augsburg_lfu,lightgbm,spring_2024,0.7834901900794852
augsburg_lfu,lightgbm,summer_2024,0.7826720604392912
augsburg_lfu,patchtst,autumn_2024,-0.6646118557814394
augsburg_lfu,patchtst,spring_2024,0.7633171902461485
augsburg_lfu,patchtst,summer_2024,0.1872022856490756
augsburg_lfu,xgboost,autumn_2024,-1.5705447945743798
augsburg_lfu,xgboost,spring_2024,-0.5029900072791585
augsburg_lfu,xgboost,summer_2024,-0.041323393179600966
johanneskirchen,catboost,autumn_2024,0.5580248018647653
johanneskirchen,catboost,spring_2024,0.7707652583477429
johanneskirchen,catboost,summer_2024,1.0008167806672934
johanneskirchen,dlinear,autumn_2024,0.2325189408897673
johanneskirchen,dlinear,spring_2024,-0.2798021928364491
johanneskirchen,dlinear,summer_2024,0.726028664804963
johanneskirchen,lightgbm,autumn_2024,0.8583967375907421
johanneskirchen,lightgbm,spring_2024,1.257036913591515
johanneskirchen,lightgbm,summer_2024,1.280476713852499
johanneskirchen,patchtst,autumn_2024,0.5188276758699706
johanneskirchen,patchtst,spring_2024,-0.006203147949594455
johanneskirchen,patchtst,summer_2024,0.7234254284338517
johanneskirchen,xgboost,autumn_2024,0.4883537411012433
johanneskirchen,xgboost,spring_2024,0.6745053678750992
johanneskirchen,xgboost,summer_2024,0.8797450858309414
landshuter_allee,catboost,autumn_2024,0.8917532284003853
landshuter_allee,catboost,spring_2024,1.3528305039334512
landshuter_allee,catboost,summer_2024,0.6258760228028446
landshuter_allee,dlinear,autumn_2024,0.7281783699259475
landshuter_allee,dlinear,spring_2024,1.2228486452900413
landshuter_allee,dlinear,summer_2024,0.76714828365504
landshuter_allee,lightgbm,autumn_2024,1.0072401772786646
landshuter_allee,lightgbm,spring_2024,1.627940194088939
landshuter_allee,lightgbm,summer_2024,0.8872884971802258
landshuter_allee,patchtst,autumn_2024,0.8068899806701776
landshuter_allee,patchtst,spring_2024,1.31322203856526
landshuter_allee,patchtst,summer_2024,0.5792661580172452
landshuter_allee,xgboost,autumn_2024,0.6973398177461191
landshuter_allee,xgboost,spring_2024,1.0559675268793591
landshuter_allee,xgboost,summer_2024,0.5072211137775219
lothstrasse,catboost,autumn_2024,1.9331775570927272
lothstrasse,catboost,spring_2024,1.4916419944726234
lothstrasse,catboost,summer_2024,1.513783961281962
lothstrasse,dlinear,autumn_2024,1.3726581118295302
lothstrasse,dlinear,summer_2024,1.0802532949560764
lothstrasse,lightgbm,autumn_2024,2.213480642280665
lothstrasse,lightgbm,spring_2024,1.4097759992455496
lothstrasse,lightgbm,summer_2024,1.9311306554550915
lothstrasse,patchtst,autumn_2024,2.061196863922206
lothstrasse,patchtst,summer_2024,1.401998795614098
lothstrasse,xgboost,autumn_2024,1.6641804184651736
lothstrasse,xgboost,spring_2024,0.5811708632228147
lothstrasse,xgboost,summer_2024,1.4239767854638172
stachus,catboost,autumn_2024,1.168387566420496
stachus,catboost,spring_2024,1.4163677816406988
stachus,catboost,summer_2024,1.0005228275991673
stachus,dlinear,autumn_2024,0.3580655916642201
stachus,dlinear,spring_2024,0.7955341466635731
stachus,dlinear,summer_2024,0.5022305514432872
stachus,lightgbm,autumn_2024,1.3097092270757194
stachus,lightgbm,spring_2024,1.563427535735991
stachus,lightgbm,summer_2024,1.2100424504842453
stachus,patchtst,autumn_2024,0.43624618351459504
stachus,patchtst,spring_2024,1.321943681438764
stachus,patchtst,summer_2024,0.9183929790685206
stachus,xgboost,autumn_2024,0.7768342300346404
stachus,xgboost,spring_2024,0.9949481125243684
stachus,xgboost,summer_2024,0.5388477823063023
